ap240731.html,always
ap240318.html,always
ap150102.html,always
ap230114.html,always
ap240803.html,always
ap240229.html,always
ap230305.html,always
ap170324.html,always
ap200322.html,always
ap221123.html,always
ap190602.html,always
ap160410.html,always
ap190530.html,always
ap210220.html,always
ap200930.html,always
ap221209.html,always
ap180830.html,always
ap160315.html,always
ap250106.html,always
ap160617.html,always
ap210111.html,always
ap220909.html,always
ap201224.html,always
ap150430.html,always
ap250321.html,always
ap160726.html,always
ap210528.html,always
ap151002.html,always
ap190309.html,always
ap211225.html,always
ap170528.html,always
ap231120.html,always
ap171126.html,always
ap160509.html,always
ap171005.html,always
ap190927.html,always
ap240708.html,always
ap170526.html,always
ap191129.html,always
ap210810.html,always
ap181014.html,always
ap150703.html,always
ap170720.html,always
ap170521.html,always
ap151014.html,always
ap150309.html,always
ap181027.html,always
ap240429.html,always
ap230113.html,always
ap180222.html,always
ap210201.html,always
ap230205.html,always
ap201103.html,always
ap210502.html,always
ap200321.html,always
ap190827.html,always
ap250901.html,always
ap250810.html,always
ap150705.html,always
ap241108.html,always
ap230516.html,always
ap210725.html,always
ap240315.html,always
ap221021.html,always
ap250615.html,always
ap250615.html,always
ap201231.html,always
ap220823.html,always
ap241201.html,always
ap250520.html,always
ap150308.html,always
ap160607.html,always
ap151112.html,always
ap150328.html,always
ap230808.html,always
ap170918.html,always
ap150729.html,always
ap220220.html,always
ap151007.html,always
ap230418.html,always
ap250407.html,always
ap250203.html,always
ap230902.html,always
ap150824.html,always
ap191204.html,always
ap151213.html,always
ap250625.html,always
ap220810.html,always
ap231026.html,always
ap150302.html,always
ap250607.html,always
ap250424.html,always
ap230218.html,always
ap170419.html,always
ap250519.html,always
ap151031.html,always
ap231015.html,always
ap150915.html,always
ap160204.html,always
ap180206.html,always
ap220415.html,always
ap250405.html,always
ap240301.html,always
ap200120.html,always
ap160712.html,always
ap170714.html,always
ap171022.html,always
ap171006.html,always
ap201115.html,always
ap160526.html,always
ap240328.html,always
ap151017.html,always
ap180202.html,always
ap160703.html,always
ap231129.html,always
ap230522.html,always
ap200904.html,always
ap240805.html,always
ap190416.html,always
ap180601.html,always
ap250127.html,always
ap230222.html,always
ap240818.html,always
ap150317.html,always
ap190724.html,always
ap240502.html,always
ap161028.html,always
ap180923.html,always
ap160902.html,always
ap240927.html,always
ap240927.html,always
ap250402.html,always
ap190503.html,always
ap150820.html,always
ap250420.html,always
ap170804.html,always
ap190204.html,always
ap170808.html,always
ap190817.html,always
ap190107.html,always
ap211204.html,always
ap250317.html,always
ap170610.html,always
ap231103.html,always
ap150212.html,always
ap180102.html,always
ap170512.html,always
ap201215.html,always
ap200313.html,always
ap150315.html,always
ap170725.html,always
ap190913.html,always
ap210113.html,always
ap150126.html,always
ap240402.html,always
ap240203.html,always
ap180706.html,always
ap180504.html,always
ap250728.html,always
ap170812.html,always
ap211221.html,always
ap190216.html,always
ap250120.html,always
ap200911.html,always
ap170716.html,always
ap170303.html,always
ap201216.html,always
ap220704.html,always
ap150929.html,always
ap241213.html,always
ap250618.html,always
ap181110.html,always
ap171019.html,always
ap200123.html,always
ap210923.html,always
ap181016.html,always
ap180714.html,always
ap241006.html,always
ap191016.html,always
ap151122.html,always
ap150213.html,always
ap230711.html,always
ap160711.html,always
ap231021.html,always
ap250320.html,always
ap160626.html,always
ap191105.html,always
ap170427.html,always
ap180611.html,always
ap210130.html,always
ap161121.html,always
ap161013.html,always
ap190630.html,always
ap220204.html,always
ap250401.html,always
ap161022.html,always
ap190613.html,always
ap180428.html,always
ap181207.html,always
ap160222.html,always
ap150709.html,always
ap250918.html,always
ap250801.html,always
ap200919.html,always
ap161211.html,always
ap221228.html,always
ap240817.html,always
ap170823.html,always
ap190118.html,always
ap180107.html,always
ap241121.html,always
ap210324.html,always
ap161023.html,always
ap230308.html,always
ap170702.html,always
ap150604.html,always
ap160501.html,always
ap170416.html,always
ap160706.html,always
ap180123.html,always
ap171204.html,always
ap200607.html,always
ap190310.html,always
ap200227.html,always
ap240523.html,always
ap190126.html,always
ap240109.html,always
ap181113.html,always
ap220530.html,always
ap160806.html,always
ap210117.html,always
ap170406.html,always
ap171018.html,always
ap161005.html,always
ap150624.html,always
ap171027.html,always
ap200129.html,always
ap160707.html,always
ap161130.html,always
ap180113.html,always
ap220201.html,always
ap250914.html,always
ap180301.html,always
ap170128.html,always
ap160429.html,always
ap180420.html,always
ap211215.html,always
ap200703.html,always
ap200213.html,always
ap210531.html,always
ap210325.html,always
ap221231.html,always
ap210325.html,always
ap170130.html,always
ap180424.html,always
ap210107.html,always
ap210614.html,always
ap210924.html,always
ap250119.html,always
ap231106.html,always
ap170108.html,always
ap150802.html,always
ap161103.html,always
ap190212.html,always
ap180305.html,always
ap170929.html,always
ap211019.html,always
ap180402.html,always
ap160331.html,always
ap240415.html,always
ap170803.html,always
ap241205.html,always
ap950830.html,always
ap200912.html,always
ap050126.html,always
ap190215.html,always
ap250227.html,always
ap210714.html,always
ap170708.html,always
ap200524.html,always
ap200122.html,always
ap210424.html,always
ap210128.html,always
ap220714.html,always
ap220301.html,always
ap150714.html,always
ap190127.html,always
ap240405.html,always
ap221027.html,always
ap191228.html,always
ap190220.html,always
ap250513.html,always
ap220323.html,always
ap160113.html,always
ap171103.html,always
ap030816.html,always
ap251208.html,always
ap090511.html,always
ap240602.html,always
ap020826.html,always
ap951208.html,always
ap150622.html,always
ap120210.html,always
ap240218.html,always
ap190621.html,always
ap240402.html,always
ap980424.html,always
ap170119.html,always
ap150514.html,always
ap240119.html,always
ap180518.html,always
ap180826.html,always
ap191019.html,always
ap181102.html,always
ap230910.html,always
ap181108.html,always
ap010920.html,always
ap000403.html,always
ap031129.html,always
ap960713.html,always
ap160707.html,always
ap060529.html,always
ap971018.html,always
ap201214.html,always
ap961228.html,always
ap021027.html,always
ap011229.html,always
